Workbook

Sheet INTRO

Sheet Q1
B8: λ | C8: =96/24 -> 4
B9: μ | C9: =60/10 -> 6
B10: Lq | C10: =C8^2/(C9*(C9-C8)) -> 1.3333333
B11: L'q | C11: =1/2 -> 0.5
B14: μ' | C14: =8 -> 8
B16: Average time required by each patient | F16: =15/2 -> 7.5
B18: required to attend a patient | F18: =10-F16 -> 2.5
B20: ∴ budget required for each patient | F20: =100+(F18*10) -> 125

Sheet Q2
B9: (a) | C9: Counter 1 | D9: <1000 | G9: Counter 2 | H9: >=1000
C10: μ | D10: =60/6 -> 10 | E10: /hr | G10: μ | H10: 10 | I10: /hr
C11: λ | D11: 8 | E11: /hr | G11: λ | H11: 5 | I11: /hr
C12: ρ | D12: =D11/D10 -> 0.8 | G12: ρ | H12: =H11/H10 -> 0.5
C13: Average Time | D13: =D12*(1/(D10-D11)) -> 0.4 | E13: hr | G13: Average Time | H13: =H12*(1/(H10-H11)) -> 0.1 | I13: hr
D14: =D13*60 -> 24 | E14: min | H14: =H13*60 -> 6 | I14: min
B16: (b) | C16: c | D16: 2
C17: λ | D17: =D11+H11 -> 13 | E17: /hr
C18: μ | D18: 10 | E18: /hr
C19: ρ | D19: =D17/(D18*D16) -> 0.65
C21: Now, it works as M|M|2 model so;
C22: p0 | D22: =1/((D17/D18)^0/FACT(0)+(D17/D18)^1/FACT(1)+((D17/D18)^D16/FACT(D16)*(D16*D18/(D16*D18-D17)))) -> 0.21212121
C23: Average Time | D23: =(D18*(D17/D18)^D16)/(FACT(D16-1)*(D16*D18-D17)^2)*D22 -> 0.073160173 | E23: hr
D24: =D23*60 -> 4.3896104 | E24: min

Sheet Q3
A10: c | B10: 2
A11: μ | B11: =1/4 -> 0.25 | C11: /min
A12: λ | B12: =10/60 -> 0.16666667 | C12: /min
A13: ρ | B13: =B12/(B10*B11) -> 0.33333333 | C13: Service channel remain busy
A14: p0 | B14: =((B12/B11)^0/FACT(0)+(B12/B11)^1/FACT(1)+(B12/B11)^2/FACT(2)*(B10*B11/(B10*B11-B12)))^(-1) -> 0.5
A15: p1 | B15: =1/FACT(1)*(B12/B11)^1*B14 -> 0.33333333
A17: (a) | B17: =1-(B14+B15) -> 0.16666667
A18: (b) | B18: =1-B13 -> 0.66666667
A19: (c) Lq | B19: =(B12*B11*(B12/B11)^B10)/(FACT(B10-1)*(B10*B11-B12)^2)*B14 -> 0.083333333
A20: Ls | B20: =B19+(B12/B11) -> 0.75

Sheet Q4
A8: c | B8: 2
A9: μ | B9: =60/5 -> 12 | C9: /hr
A10: λ | B10: 15 | C10: /hr
A11: ρ | B11: =B10/(B8*B9) -> 0.625 | C11: Service channel remain busy
A12: p0 | B12: =((B10/B9)^0/FACT(0)+(B10/B9)^1/FACT(1)+(B10/B9)^2/FACT(2)*(B8*B9/(B8*B9-B10)))^(-1) -> 0.23076923
A13: p1 | B13: =1/FACT(1)*(B10/B9)^1*B12 -> 0.28846154
A15: (a) | B15: =1-(B12+B13) -> 0.48076923
A16: (b) | B16: =((B10*B9*(B10/B9)^B8)/(B10*FACT(B8-1)*(B8*B9-B10)^2))*B12 -> 0.053418803 | C16: /hr
B17: =B16*60 -> 3.2051282 | C17: /min

Sheet Q5
A8: c | B8: 3
A9: μ | B9: =60/40 -> 1.5 | C9: /hr
A10: λ | B10: =20/8 -> 2.5 | C10: /hr
A11: ρ | B11: =B10/(B8*B9) -> 0.55555556 | C11: Service channel remain busy
A12: p0 | B12: =((B10/B9)^0/FACT(0)+(B10/B9)^1/FACT(1)+(B10/B9)^2/FACT(2)+(B10/B9)^3/FACT(3)*(B8*B9/(B8*B9-B10)))^(-1) -> 0.17266187
A13: p1 | B13: =1/FACT(1)*(B10/B9)^1*B12 -> 0.28776978
A15: (a) | B15: =B10/(B9*B8)*5*8 -> 22.222222 | C15: /hr
A16: (b) | B16: =(((B10*B9*(B10/B9)^B8)/(B10*FACT(B8-1)*(B8*B9-B10)^2))*B12)+(1/B9) -> 0.81654676 | C16: /hr

Sheet Q6
A7: λ | B7: 20 | C7: per hour
A9: Probability that the waiting time in the queue is greater than T.
B11: P(W>T)=ρe^(-T/Ws)=(λμ)e^(−(μ−λ)T)
B13: 0.05=(20/μ)*e^(−(μ−20)*(1/3))
B15: e^((1/3)*(μ−20))=0.05*μ/20
B17: μ = 27.98 customer/hour

Sheet Q7
B7: Let λ be any number to solve this ques further, suppose λ=10
B8: c | C8: 4
B9: λ | C9: 10 | D9: /hr
B10: μ | C10: =C9/2 -> 5 | D10: /hr
B11: ρ | C11: =C9/(C10*C8) -> 0.5
B12: p0 | C12: =1/((C9/C10)^0/FACT(0)+(C9/C10)^1/FACT(1)+(C9/C10)^2/FACT(2)+(C9/C10)^3/FACT(3)+((C9/C10)^C8/FACT(C8)*(C8*C10/(C8*C10-C9)))) -> 0.13043478
B13: Lq | C13: =((C9*C10*(C9/C10)^C8)/(FACT(C8-1)*(C8*C10-C9)^2)*C12) -> 0.17391304

Sheet Q8
B9: Service Rate (μ) | C9: 2 | D9: ships/day
B10: Arrival Rate (λ) | C10: 3 | D10: ships/day
B11: ρ | C11: =C10/C9 -> 1.5
B12: μn = n*μ
B14: The probability that more than 4 crews will be needed is the same as probability that there are at lest 5 ships in the system at any specifed time which is given by
B18: 0 | C18: p0 | D18: =(EXP(-$C$9)*$C$9^B18)/FACT(B18) -> 0.13533528
B19: 1 | C19: p1 | D19: =(EXP(-$C$9)*$C$9^B19)/FACT(B19) -> 0.27067057
B20: 2 | C20: p2 | D20: =(EXP(-$C$9)*$C$9^B20)/FACT(B20) -> 0.27067057
B21: 3 | C21: p3 | D21: =(EXP(-$C$9)*$C$9^B21)/FACT(B21) -> 0.18044704
B22: 4 | C22: p4 | D22: =(EXP(-$C$9)*$C$9^B22)/FACT(B22) -> 0.090223522
B23: Total | D23: =SUM(D18:D22) -> 0.94734698
B25: Expected number of unloading crews | F25: =C11 -> 1.5
B26: Prob that more than 4 crews will be needed | F26: =1-D23 -> 0.052653017

Sheet Q9
B9: Constant failure rate immplies an exponential distribution.i.e
B10: f(t) = λ*exp(-λ*t)
B11: F(t) = 1-exp(-λ*t)
B12: MTTF = 1/λ
B13: λ | C13: 2.5e-05 | D13: (given)
B16: t | C16: 2 | D16: months
C17: 60 | D17: days
C18: 1440 | D18: hours
B19: P(T>1440) | C19: =1-(1-EXP(-C13*C18)) -> 0.96464029
B20: MTTF | C20: =1/C13 -> 40000
B21: P(T>40000) | C21: =1-(1-EXP(-C13*C20)) -> 0.36787944

Sheet Q10
B9: Constant failure rate implies an exponential distribution, i.e,
B12: To determine failure rate "λ"
B13: λ | C13: =LN(0.5)/(-100) -> 0.0069314718 | H13: f(t)=λ*exp(-λ*t)
B14: P(T>100) | C14: =1-(1-EXP(-100*C13)) -> 0.5 | H14: F(t)=1-exp(-λ*t)
B15: P(T>500) | C15: =1-(1-EXP(-500*C13)) -> 0.03125 | H15: MTTF = 1/λ
B16: P(T<=1000 | T>500) | C16: =(1-(EXP(-1000*C13))-(1-(EXP(-500*C13))))/((EXP(-500*C13))) -> 0.96875
B17: P(500<=T<=1000)/P(T>500)
B18: P(T<=1000)-P(T<=500)/(1-P(T<=500)

Sheet Q11
B9: MTTF | C9: 2450
B11: a) | C11: Total Failure Rate | E11: =1/C9 -> 0.00040816327 | F11: failure per day
B12: b) | C12: since, the failure model has a constant failure rate, the distribution corresponds to exponential distribution
C13: t | D13: 3 | E13: months
D14: =D13*30 -> 90 | E14: days
C15: P(T>90) | D15: =EXP(-E11*D14) -> 0.96393184
B16: c) | C16: P(X>x) | D16: =45/100 -> 0.45
C17: x | D17: =C9/D16 -> 5444.4444
C18: Hence, the mean time to critcal failure is 5444.44 days.

Sheet Q12
B11: Service Rate (μ) | C11: =60/12 -> 5 | D11: /hr
B12: Arrival Rate (λ) | C12: 10 | D12: customer/hr
B14: counters | C14: μ(customer/hr) | D14: n
B15: 1 | C15: ='Q12'!$C$11*B15 -> 5 | D15: 0 | E15: 1 | F15: 2 | G15: 3
B16: 2 | C16: ='Q12'!$C$11*B16 -> 10 | D16: 4 | E16: 5 | F16: 6
B17: 3 | C17: ='Q12'!$C$11*B17 -> 15 | D17: 7
B19: n | C19: sum_elem | D19: pn | E19: no. of idle counter | F19: idle counter
B20: 1 | C20: ='Q12'!C12/'Q12'!C15 -> 2 | D20: =C20*'Q12'!$D$29 -> 0.036363636 | E20: =IF(B20<4,2,IF(B20>6,0,1)) -> 2 | F20: =D20*E20 -> 0.072727273
B21: 2 | C21: ='Q12'!C12*C20/'Q12'!C15 -> 4 | D21: =C21*'Q12'!$D$29 -> 0.072727273 | E21: =IF(B21<4,2,IF(B21>6,0,1)) -> 2 | F21: =D21*E21 -> 0.14545455
B22: 3 | C22: =C21*'Q12'!C12/'Q12'!C15 -> 8 | D22: =C22*'Q12'!$D$29 -> 0.14545455 | E22: =IF(B22<4,2,IF(B22>6,0,1)) -> 2 | F22: =D22*E22 -> 0.29090909
B23: 4 | C23: =C22*'Q12'!C12/'Q12'!C16 -> 8 | D23: =C23*'Q12'!$D$29 -> 0.14545455 | E23: =IF(B23<4,2,IF(B23>6,0,1)) -> 1 | F23: =D23*E23 -> 0.14545455
B24: 5 | C24: =C23*'Q12'!C12/'Q12'!C16 -> 8 | D24: =C24*'Q12'!$D$29 -> 0.14545455 | E24: =IF(B24<4,2,IF(B24>6,0,1)) -> 1 | F24: =D24*E24 -> 0.14545455
B25: 6 | C25: =C24*'Q12'!C12/'Q12'!C16 -> 8 | D25: =C25*'Q12'!$D$29 -> 0.14545455 | E25: =IF(B25<4,2,IF(B25>6,0,1)) -> 1 | F25: =D25*E25 -> 0.14545455
B26: >7 | C26: =C25*'Q12'!C12/'Q12'!C17*(1/(1-'Q12'!C12/'Q12'!C17)) -> 16 | D26: =C26*'Q12'!$D$29 -> 0.29090909 | E26: =IF(B26<4,2,IF(B26>6,0,1)) -> 0 | F26: =D26*E26 -> 0
F27: =1-SUM('Q12'!F20:F26) -> 0.054545455
B29: p0 | D29: =1/(SUM('Q12'!C20:C26) + 1) -> 0.018181818
B30: Avg no. Ideal Counters | D30: =AVERAGE('Q12'!E20:E26) -> 1.2857143
B31: Avg no. of Busy Counter | D31: =3-D30 -> 1.7142857

Sheet Q13
B5: μ | C5: =1/20 -> 0.05 | D5: /min
B6: λ | C6: =12/60 -> 0.2 | D6: /min
B7: ρ | C7: =C6/C5 -> 4
B8: pn
B9: 0 | C9: =EXP(-$C$7) -> 0.018315639
B10: 1 | C10: =($C$9*$C$7^B10)/FACT(B10) -> 0.073262556
B11: 2 | C11: =($C$9*$C$7^B11)/FACT(B11) -> 0.14652511
B12: 3 | C12: =($C$9*$C$7^B12)/FACT(B12) -> 0.19536681
B13: 4 | C13: =($C$9*$C$7^B13)/FACT(B13) -> 0.19536681
B14: 5 | C14: =($C$9*$C$7^B14)/FACT(B14) -> 0.15629345
B15: 6 | C15: =($C$9*$C$7^B15)/FACT(B15) -> 0.10419563
B16: 7 | C16: =($C$9*$C$7^B16)/FACT(B16) -> 0.059540363
B17: P(n<=k) | C17: =SUM(C9:C16) -> 0.94886638
B19: The cafeteria must have 7 seats to accomodate each customer with probability 0.95
